,Recharging Point,Battery Life,Weekend Usage (per day),Weekday Usage (per day),Total Energy Consumption (per person),Total Yearly Cost (per person)
0,0.900039609847587,4.278332793003424,5.815079549184933,22.890534434524344,2.9398624985546347,18.34474199098092
1,0.8429681039770073,3.752053953009712,15.06719490393599,36.31526498856102,4.3292076317526025,27.01425562213624
2,0.9019494986916223,4.144206601569331,15.813994734104776,32.14368469608139,4.344321845097612,27.1085683134091
3,0.9453633606535726,4.178138229563461,18.69510578513868,23.82228023943358,3.563675273541401,22.237333706898344
4,0.8439412374021228,3.6206993488349672,22.80174189991172,42.63200234018219,5.106131267156641,31.86225910705744
5,0.8782537343172823,4.038101434673412,25.44747944141675,44.22899932256699,5.9869608934367475,37.3586359750453
6,0.8918092409583046,3.903951742411468,11.902302094114226,35.96992477346478,4.333056717644802,27.038273918103563
7,0.9217760138635767,3.7548578936141874,12.710789679108773,30.706169487620418,3.6620780812397884,22.85136722693628
8,0.8592530398564581,4.415721808661561,5.290025347412351,22.641737059953396,2.9790605855289196,18.589338053700455
9,0.9870909786669219,4.500724486302551,11.80659928288451,25.689316337247423,3.7298665111728404,23.274367029718523
10,0.92478836521522,3.6117698343013633,10.101184922445087,17.747630668930704,2.144401119870061,13.38106298798918
11,0.8949324132372422,3.835696196569062,18.9188259912212,35.11787397348972,4.4615946269530555,27.840350472187065
12,0.9056196698074169,4.4295960854825,18.91074277159611,12.94433181869446,2.475524680812211,15.447274008268197
13,0.9398843433266728,3.6726066081201085,9.441290031520008,22.780530840077404,2.6577902120506813,16.58461092319625
14,0.9030349141414075,4.027636221643087,7.129398276750558,26.335563298538876,3.203398758789786,19.989208254848265
15,0.8168546765994302,3.924463549714304,10.556863453366141,28.225052781901237,3.47002048161415,21.652927805272295
16,0.8240268318056002,4.075915758822628,10.011564137104294,24.327898070616538,3.1468567033598576,19.636385828965512
17,0.9185658416654505,3.7777863600046615,14.80998646066791,24.258654332047158,3.107143083237482,19.38857283940189
18,0.9043365492996904,4.026381784507362,18.408547448862738,21.25535942414259,3.1400209896203055,19.593730975230706
19,0.8473058969461893,3.6858486165562847,18.00761223375083,30.74050987708807,3.8110269188914234,23.78080797388248
20,0.8539873000365921,3.7038980196949436,18.155066846951414,15.425179472905587,2.289847424856598,14.28864793110517
21,0.9101503643019522,4.227170972281695,17.85850687157867,34.79839202616784,4.831292494079905,30.147265163058606
22,0.9158522516731762,3.858157557710367,18.49154137052436,34.124533992507246,4.365317585805298,27.23958173542506
23,0.8931262846751409,3.660497244112572,18.88384040638321,39.178927566109415,4.661495490285074,29.087731859378863
24,0.9488246544612465,4.487543490790197,12.639798701150864,25.269890150623013,3.7084086169518193,23.14046976977935
25,0.888584328669862,3.979561587337078,7.451053070000959,34.08154484927116,4.019112761050166,25.079263628953033
26,0.8667394461927322,4.309144612729297,8.098117894204345,18.618807828315823,2.566664416938521,16.01598596169637
27,0.9364478711459606,4.377376817873638,9.803609412465532,20.333386689114516,2.8932015120211823,18.053577435012176
28,0.9546419119785723,3.6094790946026056,6.077212734122114,30.136009609156893,3.2032245727608197,19.988121334027515
29,0.8842895123824194,3.872124864344534,12.645064629106662,34.16655844603062,4.1387978021583205,25.826098285467918
30,0.8148083803141082,4.026035786212815,6.1094271842745265,19.292778009234603,2.3847053700483314,14.880561509101588
31,0.8174316810098688,3.8708085968284354,6.55392392573939,41.39942736894767,4.643314254969652,28.974280951010623
32,0.8923192727063558,3.6146390504584907,21.047890041700633,22.780281229146464,3.073110690024821,19.176210705754883
33,0.8634379040757997,3.7545779213070327,8.881958369119799,23.57500184980315,2.7755046964594348,17.319149305906873
34,0.9672682503936604,4.350421450000369,9.813318354571786,28.345402704323877,3.8256622764487367,23.872132605040118
35,0.9416624094976638,4.171515029946048,7.5933299941625085,11.878367129308085,1.6955239692112576,10.580069567878247
36,0.8869299975794513,4.108534312444171,11.318575628105208,26.6556222552579,3.491178472419417,21.784953667897163
37,0.9960599602866541,4.081188661821349,12.246630630943413,27.379889347821074,3.5897737904688967,22.400188452525914
38,0.9239303331619266,4.02480209608108,24.683072694404334,17.165130181134934,2.965455226789566,18.504440615166892
39,0.8266831682620805,3.728000660577705,21.332738997957332,29.18098341177431,3.831298537446548,23.90730287366646
40,0.8684123328677447,4.307668479150251,27.581719030958194,17.844663806814214,3.3897380388026432,21.151965362128493
41,0.9585311888181317,3.603087586883248,5.705796993721257,16.017042993468742,1.7967070403850796,11.211451932002896
42,0.8995106117722249,3.9293953717258288,18.401521361650868,25.55514219306035,3.5244877120048006,21.992803322909953
43,0.9729550000674864,4.000440095241023,9.31355222641689,18.691756220988463,2.4437411452927873,15.248944746626993
44,0.9237392847931898,3.775700009752079,8.119506684076999,21.498627082251403,2.54610634067422,15.887703565807131
45,0.9747817464401033,3.6378959538664306,7.943109200072024,25.561496439231643,2.8489478893748337,17.77743482969896
46,0.8755079817715313,3.8290614163745773,26.73235216966961,38.25728201194675,5.107560415742929,31.871176994235874
47,0.8209363108193783,3.9839768908799793,22.34569994671902,37.23495120740295,5.012721594117037,31.279382747290313
48,0.8380087380955913,3.8815313953803576,7.15540025297518,25.513555592679335,3.001348553800849,18.728414975717296
49,0.9268596615094501,4.413730324003126,14.234882580357926,21.51626963226225,3.272686438436801,20.421563375845636
50,0.9231534437685789,3.7574046683313256,27.553225550003138,16.467088781540244,2.814515257698139,17.562575208036385
51,0.8053409965886179,3.616665160527047,13.17205400158698,36.93081118847848,4.158947911200216,25.951834965889347
52,0.9942952567705102,3.8142442382103523,16.32242039366402,19.568326566529443,2.7125046769231087,16.926029184000196
53,0.8289278401612211,4.455571418609958,11.964572333127592,20.676780548556472,3.0915254451225405,19.29111877756465
54,0.9734571125190521,3.6346872548399016,26.300467294658556,20.178555756047054,3.040563958068868,18.973119098349734
55,0.8184855822096081,4.161683695096615,19.48554426145767,39.342068968555374,5.345532102688753,33.35612032077782
56,0.9582067428063704,4.484455941001987,16.052208232756836,12.595276760882493,2.3238018450690303,14.50052351323075
57,0.9942805657145057,4.094250305438953,10.459968968526079,26.96291061696516,3.475007131513685,21.684044500645395
58,0.8997857030947856,4.2880483604284985,24.312092144568457,13.73965891230814,2.7418103237699514,17.108896420324495
59,0.9090902320288827,4.379928679056342,6.944891918762155,24.0051732814856,3.1966484340987806,19.947086228776392
60,0.867715361358387,3.9721599411417006,20.166267513780056,26.484813419583684,3.7398818571916665,23.336862788875997
61,0.8755659864473522,4.470108908807586,17.41857884767249,21.76369686524201,3.4997521903455944,21.838453667756507
62,0.9378510201185943,3.6935721979324514,11.559576272291432,30.667093511229012,3.5520259405542585,22.164641869058574
63,0.9859125335958152,4.150112931209877,20.27344195294254,20.697857549867052,3.2578267630882105,20.328839001670435
64,0.9400586509012041,4.407278316649022,12.461983001571767,16.274276904428888,2.5531789047423636,15.931836365592348
65,0.9110430364283792,3.69738817025068,20.811182628655118,27.680534690340945,3.627642344170398,22.636488227623285
66,0.824016374041977,4.458312528249114,21.970767524845687,25.315983283870295,4.143296682637131,25.854171299655697
67,0.8808326419314939,4.149645807422628,5.766197503574406,30.923377508078676,3.7575606718267887,23.447178592199162
68,0.90045232293783,4.035560192743571,21.099889801925315,16.74130109849036,2.7691580372221933,17.279546152266484
69,0.9109074885015288,4.286946633524056,7.97013123793691,20.27080490773039,2.740447201224465,17.10039053564066
70,0.866459147097537,4.112396365402186,20.910088846486623,33.09240066309685,4.645724358465412,28.98931999682417
71,0.8139444121268742,3.6303729616220037,19.97160971083011,54.448335881483686,6.176744505760044,38.542885715942674
72,0.9365487999903193,4.237321122517314,10.937940687243056,30.327811981041155,4.007049965374504,25.003991783936904
73,0.8686273336576649,3.642481332236056,17.00600940907135,34.61745483202936,4.1112364318302435,25.65411533462072
74,0.989038444387656,3.9185735613297226,19.248187105380563,27.337710295843237,3.741288848929802,23.345642417321965
75,0.9555990121232879,4.154763617516001,8.90927517323055,18.678252887690743,2.5181751834658614,15.713413144826974
76,0.9387130694096126,3.9898840507793065,16.16209505835929,33.479042884098725,4.3428721040281895,27.0995219291359
77,0.9413838047203393,4.191939078876048,19.669260203030536,33.11700843678222,4.681697641608563,29.213793283637433
78,0.8630291529662789,3.9210532360585133,15.786458190430318,24.158968207263346,3.2560593811892304,20.317810538620797
79,0.9776603005255889,3.7511349051935636,21.07276573118794,20.688761667725103,2.9763826362163446,18.57262764998999
80,0.8232196109221706,4.340751378019125,21.811499638947918,32.405640416230575,4.865110009513657,30.358286459365218
81,0.8086587891762183,3.688454755190172,21.45119435425749,24.877501919723645,3.36287465393893,20.984337840578924
82,0.8937885127322153,3.583369899376609,27.81006101516948,19.524052734848233,2.9926875709894643,18.674370442974254
83,0.9510102230074495,4.243032044362288,26.301820086870713,13.545766923650877,2.782631278533213,17.363619178047244
84,0.9489147584374582,4.166008554378787,18.389278549887408,19.770519987258893,3.0794710544664365,19.215899379870564
85,0.876293174610951,4.472381141147097,7.110809517856742,21.62782936802896,2.9824797003712957,18.610673330316885
86,0.8935645129171511,4.204246606774226,14.389205792557844,11.460728272110844,1.9724104755554062,12.307841367465734
87,0.8893895855539378,4.145055220805469,7.62515329896469,34.72798944443534,4.267134903521839,26.626921797976276
88,0.8141443313673296,4.490084450771548,6.320045291892718,26.914067040806238,3.602380478826272,22.47885418787594
89,0.8073670318963541,3.856065471914515,21.224892015053662,30.387477422586798,4.085154640611615,25.491364957416472
90,0.9570082571087911,3.9485646424108913,12.582248530426412,23.758461172559784,3.0979039442207004,19.33092061193717
91,0.9305237876727838,4.179525882013936,22.266614339681908,35.92560964485744,5.106038829174356,31.86168229404798
92,0.910764746017797,4.067218245343158,13.474966054324945,21.072297760690613,2.932859867345359,18.30104557223504
93,0.8548224322168944,4.090596301821265,18.51397930453068,25.274926503260986,3.6428564905616243,22.731424501104534
94,0.9171275239159336,4.508236370704419,9.201020160082448,21.87843189063453,3.139889203638586,19.592908630704777
95,0.9461030101636522,3.596939467678828,21.04357552021832,23.841108645723377,3.161872315362143,19.73008324785977
96,0.9695375173199153,4.349335724467911,4.832164694856574,28.48305270168861,3.6048763746319556,22.494428577703403
97,0.9429670234720191,4.31086958211836,12.094955626794091,32.779701316535956,4.418994283635291,27.574524329884213
98,0.8961079154154353,4.103180497690027,12.370204667999397,17.857139240203303,2.549889823945292,15.911312501418621
99,0.8094058128546019,3.958389589400029,22.516055224368664,34.5278439184768,4.695872200763697,29.302242532765465
100,0.9312415107713835,4.196861670140244,10.917913517468463,21.536784648215576,2.9624917912545086,18.485948777428135
101,0.9904126825163024,3.632488724701342,20.882368055714753,38.44052347718242,4.631866565723819,28.902847370116632
102,0.9322055918556708,3.913328415731142,12.43074029833866,43.857658731753546,5.2071384586205625,32.49254398179231
103,0.9352120912618491,4.39942342172592,3.794712502557742,35.874780162656386,4.482793048620314,27.972628623390758
104,0.854843654998931,4.154672803353251,8.874216712651569,17.704143623021945,2.406248867885063,15.014992935602793
105,0.902089055914553,4.5057032840692575,4.51675661413709,30.023089355889113,3.908075055108294,24.386388343875755
106,0.9265742705907787,3.9122682827955795,10.480527098944851,29.909070689310262,3.6355141179921437,22.685608096270975
107,0.9828520202474359,4.257962861293967,13.31089335854199,16.13131930393734,2.4894911754479776,15.53442493479538
108,0.9309897085744926,4.388680663831332,12.458691285951804,17.02092685999984,2.631540664325872,16.420813745393442
109,0.8988826784330262,3.6212777033915335,8.930306355533224,24.742564599105147,2.794088157336653,17.43511010178071
110,0.9020328461200751,4.322019936692129,10.307575336101305,16.958411963435008,2.4828677553737566,15.49309479353224
111,0.8807255289966172,4.011358221233328,19.704627462405572,37.856061248128555,4.999588844537507,31.197434389914044
112,0.8611122310323521,4.3590099294362465,7.991476674322973,20.278407036336137,2.7884311355678184,17.399810285943186
113,0.9680199374390961,3.583587208910936,12.511259153472817,12.434249399605648,1.7029422181380918,10.626359441181693
114,0.9166847273898042,3.7679878722700333,17.407831115044477,49.014487210563225,5.747651531578766,35.8653455570515
115,0.9383276614475216,3.95272042456937,15.361414572090302,23.131385122103328,3.153360442674792,19.676969162290703
116,0.9611370401633179,4.2850988919768085,5.8293643272017235,31.482839995512094,3.9484934943353593,24.63859940465264
117,0.8611212008334345,3.584780617772605,24.301708980263687,42.00896825945854,5.0532251030139115,31.532124642806806
118,0.9067273531291374,4.378978981280823,11.313522513848552,23.709978088800693,3.369249040243576,21.024114011119913
119,0.924046983917941,4.414084306622843,9.46965480677535,21.48787895734042,3.0402620940254326,18.9712354667187
120,0.9189014863762953,4.0985763477313055,7.925810988935278,19.366764458488777,2.517081936578482,15.706591284249729
121,0.9183217806211852,4.018301757660958,11.117116949468448,24.357631753081087,3.154053613041866,19.681294545381242
122,0.8829394181463022,4.193961878164224,20.41837993777248,26.08076452273835,3.9140617885019973,24.423745560252463
123,0.8037634750909833,4.022252308404941,9.69608051414454,16.747558884595584,2.260740122518588,14.107018364515987
124,0.8173544022906499,4.305501658334141,11.843632986153407,42.73670260067803,5.5699015397336185,34.75618560793778
125,0.8763757561887859,3.830156484151841,14.571754230847866,29.13403057967946,3.6491220482429307,22.770521581035887
126,0.9892591041300438,4.005805341606048,25.578226650098294,24.99501209655561,3.845239645116645,23.994295385527863
127,0.8159063174262324,4.07166083876825,17.640805778498176,26.74425235660057,3.7502669765469308,23.401665933652847
128,0.9176166828374246,3.982540643542589,5.562620284507913,23.7020142627564,2.813714546343012,17.557578769180395
129,0.988836153752666,4.275707318480951,9.419661760865193,30.232112116632837,3.9614401299147506,24.719386410668044
130,0.8447957615101629,3.6321057878718688,15.580724296784018,37.28026804797257,4.3066503017836,26.873497883129662
131,0.9787517632642033,3.8596030425573282,11.718581097118019,29.076822297239634,3.5511279034224703,22.159038117356214
132,0.9713429043749662,4.38769145297287,8.206428554466378,27.35171729706649,3.6627762347445003,22.85572370480568
133,0.841836535044815,4.051847586371848,19.274057023829876,22.128813948965202,3.294546744437951,20.557971685292813
134,0.8892959516725574,4.2065783697811225,17.46775837359891,25.175704316236708,3.686798860781802,23.005624891278444
135,0.8268179666678892,4.02197107034825,11.113202773002941,19.590575984790515,2.634298971313367,16.43802558099541
136,0.9482636079028189,3.733608770396042,13.432521360491942,37.626103967927605,4.374765782950501,27.298538485611125
137,0.9947399603922238,3.8902604241025314,24.225660225658924,14.040013389121428,2.5156371417703776,15.697575764647157
138,0.9241154989289562,3.861176526547116,13.625037253740409,17.808022240999072,2.4471422976074573,15.270167937070532
139,0.9591301466502358,4.179437446039824,6.067556146203481,8.342496648483008,1.2265369815080582,7.653590764610283
140,0.8971852141875968,3.6499113013986757,7.294730268487765,19.539360407360114,2.233600198241153,13.937665237024792
141,0.8456635182245842,3.8438561400127673,15.812450875327924,22.581231047496516,3.027783420003831,18.893368540823904
142,0.9525642330439335,4.450452249665455,16.489984368044443,27.905407018171715,4.1841512987925364,26.109104104465423
143,0.815156564278221,4.005780555705104,22.43473641691937,44.22935901869965,5.807535224926884,36.239019803543755
144,0.8323798785902922,3.6740287725262184,28.87683086038288,48.085558086089094,5.970623428772739,37.256690195541886
145,0.9674770722112632,4.473362265935908,6.563178445766581,24.375965442236243,3.291427054500279,20.53850482008174
146,0.9729026188253964,3.9135985772155326,17.00111749113779,18.275637814310855,2.6742531380732304,16.687339581576957
147,0.8024412411669267,3.988970949411498,29.173695011145213,29.59347059526562,4.485260163599498,27.988023420860866
148,0.9704997021667572,4.36478109782176,17.454009979970934,22.425101377171096,3.497641915038195,21.825285549838338
149,0.9750114240442652,4.2212062728284465,20.72046310925681,18.95294573683688,3.1334892985413667,19.552973222898128
150,0.9468167666124229,4.4799805802773385,17.422415801632557,18.71721278663875,3.1357551526147494,19.567112152316035
151,0.8829681797356506,3.7541013145126088,36.64021441964142,24.03480096621177,3.958049113383665,24.69822646751407
152,0.8909074592365009,3.891811104529633,14.364466135557656,34.42467817167412,4.260152193316195,26.583349686293055
153,0.9766380164615203,3.6343655939754984,10.344302011349036,27.423690391799592,3.125730514368106,19.50455840965698
154,0.8236384952877894,4.5097072216557,20.537316174684197,22.493281480012666,3.7737169899930274,23.54799401755649
155,0.8723699778063321,4.029365493934339,6.4735743577864255,19.065512502134265,2.3777171997799966,14.83695532662718
156,0.908420088125237,3.827401246891227,7.112796367616704,29.223710152796958,3.344672492445344,20.870756352858947
157,0.8745322044112368,3.68784812806654,9.042641762900454,34.20615173980515,3.801000270568679,23.71824168834856
158,0.8588083600485973,4.076898096174967,26.78659208095377,26.890766833135814,4.177790112118104,26.069410299616965
159,0.9927922618252925,3.7990175463380678,17.517874974485125,21.286056576389623,2.9290040780984534,18.27698544733435
160,0.9852937039234805,4.191161164013975,10.697897993573696,21.354846147967248,2.92763774932778,18.268459555805347
161,0.9292163061441479,3.6819262049999293,18.611802977314102,21.97174645428494,2.95142741896906,18.416907094366934
162,0.9785876911448907,3.6580099013215968,12.055824664486751,21.96784987939298,2.6704657403757297,16.663706219944554
163,0.8889326157934506,4.066254980750647,17.26378143005719,43.76383910361337,5.614440223712091,35.03410699596345
164,0.9935876882579608,3.585151899734988,10.440013991825072,32.69467925444229,3.602095909104861,22.47707847281433
165,0.9743132084579623,3.699742098306483,14.437189300402629,11.839131750233534,1.7758085151083267,11.081045134275959
166,0.9639653574302953,4.139553984947402,17.602555529665636,39.299649325274956,5.2273596391028905,32.61872414800203
167,0.9801739258879952,4.428525604606258,17.407261654323502,18.720473909538658,3.099401364526634,19.340264514646197
168,0.9739009508870499,4.1277590919925355,16.493188033932924,24.497961203660765,3.4976368218598823,21.825253768405666
169,0.83452056706639,3.889727059005973,16.22900257004177,24.41428574925435,3.2758713961834376,20.44143751218465
170,0.9181242035653276,4.276261049789278,13.251413482536583,12.765519115016291,2.105206747981115,13.136490107402159
171,0.8898926599116989,3.7226957433866223,8.734121699327199,15.791409919905998,1.9563430515053617,12.207580641393456
172,0.9821964305388035,3.600478916904651,9.45274020610431,32.577541968336384,3.5672568906655306,22.25968299775291
173,0.9242192477694116,4.353073972223471,13.122448190464521,38.03975373764618,5.13496430251542,32.042177247696216
174,0.9901370601012358,4.061352141918555,22.01691239494692,23.268689377622394,3.54984973835265,22.151062367320538
175,0.8974810895866506,4.275515335528168,9.479473360384224,27.047349666177624,3.593000020818515,22.420320129907534
176,0.8076402301146033,4.050296242731727,16.32729724885726,28.9515389688059,3.9162191926973833,24.43720776243167
177,0.9177600911927305,4.126543018560457,25.81507693279859,19.27987265205913,3.329133428880171,20.773792596212267
178,0.8887794669247044,4.030338744381666,16.212865293256357,28.889696731020603,3.8851033420432577,24.243044854349925
179,0.8456114137491195,4.068657251744137,15.64372917054649,26.16475476970783,3.5946839703845073,22.430827975199325
180,0.9181370764664634,4.22734729127609,20.419832534509926,36.82951756315921,5.183490934595801,32.34498343187779
181,0.9470029127101935,3.644555740561092,7.0035497063183145,17.77683472886552,2.043711740310018,12.75276125953451
182,0.8256952365620033,4.096833453439104,12.721464343197836,29.110806454619613,3.8179760820192454,23.82417075180009
183,0.8418726261203606,4.199732267578539,16.885729038478452,38.97594769597753,5.233492254691216,32.65699166927318
184,0.8627066832793456,4.074895441107284,26.005610385836068,33.589505847887956,4.884883546703055,30.481673331427057
185,0.8840174102787705,4.221663845036551,13.594191488062535,12.388862095390083,2.0507710680205835,12.79681146444844
186,0.8380335609724902,3.7031573455118196,25.54101013746039,34.86879556645648,4.549594277142124,28.389468289366857
187,0.9054946472733374,4.057761712304512,18.95714892910882,20.862106325863774,3.1452738486029204,19.62650881528222
188,0.9109172162950624,4.465709671795706,15.821388045935546,27.060633848989134,4.063150069029464,25.354056430743857
189,0.9300159622495049,4.193808419915672,10.409094703836,22.190088926888063,3.011737617749956,18.793242734759726
190,0.9471244505520977,4.212380692660314,28.46736585696574,23.586291366755162,4.014486112584159,25.05039334252515
191,0.8311635020794353,4.014624709330222,6.369147183604944,17.81514931120099,2.227661146236677,13.900605552516863
192,0.8488654907384288,3.6977523752440806,16.572622973611285,36.8044174777746,4.376519073545889,27.309479018926346
193,0.9486301949970384,3.7838078952131506,24.844630184872816,32.5747274906641,4.383419582017057,27.35253819178643
194,0.80566137947854,4.022441023418049,17.954888530716996,33.40998528472935,4.449344233825379,27.76390801907036
195,0.8736186815926302,4.142086937040483,24.024745342896747,38.51622446927094,5.432085407964149,33.89621294569629
196,0.8422115668353279,3.6081231243089498,7.709348410407735,38.61868601944791,4.100238976233729,25.585491211698468
197,0.8720600248638968,3.810700465002396,6.370437118864939,26.5620594077404,3.022852942552846,18.86260236152976
198,0.8651929995444252,3.703195981081002,10.848839355774807,13.783281667824003,1.828811390324733,11.411783075626333
199,0.9876330881092743,3.938561829958115,10.410087370281712,20.509765316936686,2.648135595927198,16.524366118585714
200,0.9060898498177371,4.439447415537403,18.753235781106948,26.35940378610397,4.096295991036383,25.56088698406703
201,0.8573078815128174,3.8632755018407674,19.595620728091774,17.42818292279865,2.6599047838414798,16.597805851170833
202,0.9274676956297855,4.1931582707467205,8.700708629064188,22.353092473931643,2.9518135744170073,18.419316704362124
203,0.8038378059489765,4.209127994531354,20.32329053680883,24.54771558012635,3.748014303585605,23.387609254374173
204,0.8095109614336207,4.49164985882057,15.540806812827558,20.0031849439519,3.2092011058249366,20.025414900347602
205,0.8351758069536376,3.930271546010138,21.49957544365326,33.88283826499177,4.549889526149305,28.391310643171657
206,0.8668278821928068,4.217698807004749,6.582416880782945,31.957764341332368,3.9755920235282263,24.807694226816132
207,0.9197296307395735,4.01068279721014,16.71708409233876,23.61355851991656,3.311563377842657,20.66415547773818
208,0.9767827447595347,3.9822945938203973,17.87793554867015,20.742692561141865,3.026973460511863,18.888314393594023
209,0.8968003170884288,4.114087180152948,9.746138839262839,30.644453260003136,3.8725666670840333,24.16481600260437
210,0.8488485027146979,4.342868036565639,16.072488940050803,11.906172832399356,2.1698416585077887,13.539811949088602
211,0.9294855144732314,3.71302758793066,22.813599543836727,18.643993558335346,2.8097113181532647,17.53259862527637
212,0.8790770686104277,3.971031908619313,6.624748897265241,27.740414304133974,3.2885546902191476,20.520581266967483
213,0.8137153942873012,3.850535612904725,27.091800173355082,32.3680905765483,4.533355290611961,28.288137013418638
214,0.8517782102618765,4.2314147505402895,14.659881010470535,21.51688434415314,3.1571761845995816,19.70077939190139
215,0.9068940249852208,3.9163764364576945,11.102798368555115,21.54028646467998,2.7727683101082974,17.302074255075777
216,0.9411733206410002,4.499951321909159,17.266787097817407,21.381775818315962,3.4688386428091236,21.64555313112893
217,0.9933350518994213,4.323227829319905,6.745437028628984,33.30053824609465,4.240934888499838,26.46343370423899
218,0.9616106389863668,3.85703691338128,27.253401808608007,39.54593172413909,5.302225134350185,33.08588483834515
219,0.9504468622455239,4.149179943252073,15.730878680282586,27.92788166620273,3.8691159110022895,24.143283284654284
220,0.8377641340928985,3.962492879360619,19.851255529752653,22.9265844744234,3.3329641552318185,20.79769632864655
221,0.9249362422773575,4.294108911858955,8.943553716877112,29.39643857868184,3.858418688456185,24.076532615966592
222,0.9592661051671484,4.194222774359118,12.151150273073469,19.09755290273528,2.7382228936364994,17.086510856291756
223,0.8352164354574404,3.992928867612771,23.601011200792435,19.17755259166236,3.113842973701054,19.43038015589458
224,0.945038756018731,3.870257915119057,13.425892672793314,22.31364560586697,2.919680280444707,18.21880494997497
225,0.8450037713209329,3.801356099463773,10.214780302322467,30.48363175948543,3.5809537417297084,22.34515134839338
226,0.8547420745082418,4.354568659818064,7.453491559581939,37.102726433714494,4.756462049118192,29.680323186497517
227,0.9652369071483164,4.217223241035294,6.23832021072201,18.6523908729809,2.4302817637703424,15.164958205926936
228,0.8665000260981552,3.6531364957020154,18.86766911179951,28.521554508764122,3.59055809832626,22.405082533555863
229,0.988210138496384,4.119276426524349,5.441505159204256,24.672525260241745,3.0138221302856403,18.806250092982392
230,0.8632096227134162,4.092080255691285,20.12011229331735,41.88283491265197,5.567751814417263,34.74277132196372
231,0.8112807487490283,3.9386032688069506,20.717598149029754,19.19063459168967,2.949094627361073,18.402350474733097
232,0.9893256029889863,3.840713809444173,7.010018503798248,27.399599587946692,3.161092935020464,19.725219914527695
233,0.8756050963274943,3.705186873785747,8.792188392555708,42.741698906640195,4.670559043908106,29.14428843398658
234,0.8726547946174086,3.7286539061485016,16.02606549252584,20.405200357661297,2.7246236965449127,17.001651866440255
235,0.8719068730180162,4.343273959469292,18.082323128548527,14.097900614301203,2.5245936324930773,15.753464266756803
236,0.9755592355212519,4.212132517712521,21.88292590850674,12.79203953823419,2.4729723589528225,15.43134751986561
237,0.8220998106896734,3.9745682652559697,22.319606389968115,35.60336740289176,4.823041099211303,30.095776459078532
238,0.8305227906479706,4.350430898126687,5.790222826267658,23.11609020116924,3.014965581515841,18.81338522865885
239,0.8594609926692967,4.461754129446171,23.817934600053867,27.351652353772817,4.483830950365642,27.97910513028161
240,0.9509557784734274,4.358874090218669,8.236564372802007,19.033189224983463,2.6520826564545814,16.548995776276588
241,0.8524228997656026,4.046604708323448,15.400449740027495,19.68019491465208,2.8494175696825574,17.78036563481916
242,0.9645442628784853,3.9746236453769574,23.03083157753066,25.115024940426657,3.7179444131139614,23.19997313783112
243,0.9724002551548753,3.632580394951024,14.466264564868718,25.902577568118577,3.1368331486916285,19.573838847835763
244,0.9703222443086088,3.8473069830463302,21.876118518405587,17.184062119635612,2.718951034238986,16.96625445365127
245,0.9327633794396484,3.77213250634658,22.52053921729424,34.750167060703156,4.497950890158175,28.06721355458701
246,0.9097636357727596,3.7509741504364817,23.545552455440852,30.811091808009152,4.11200081196831,25.658885066682252
247,0.9132894522348425,3.7747528477001238,13.471646626480306,14.750936708998916,2.0715993619826865,12.926780018771963
248,0.9955895677203297,4.159862987764836,13.53738907950476,24.607233781521796,3.4032033015461023,21.235988601647676
249,0.8005464661216691,3.8602239135209184,21.837821069433843,32.1470858854697,4.300445161233473,26.83477780609687
250,0.9567516993874016,4.153501063430263,18.54317178204658,22.823523758907655,3.422740710560376,21.357902033896746
251,0.8762014284151549,4.368831407203151,12.714496966246628,30.49374884378197,4.2357684800990745,26.431195315818222
252,0.953582981656054,3.9687560867968146,18.513110061955516,9.966889851990842,1.878772016246512,11.723537381378234
253,0.9381301449742387,4.210816300911343,14.284474848873984,29.013978859940522,3.9848289475284733,24.865332632577672
254,0.950368825451468,3.762605859534959,13.126692622105107,35.41920444534128,4.169924012852529,26.02032584019978
255,0.9679853694690496,4.466788672518234,11.160324815669318,15.809988450582145,2.4677655129749345,15.398856800963589
256,0.9522494812722507,3.924654406562003,7.1656552467024035,40.8723724982307,4.677708431461859,29.188900612321998
257,0.8034577941342143,4.196825536202183,9.867902182911156,39.97556061689729,5.023155977354911,31.34449329869464
258,0.9587244033271641,4.057140999796078,19.10484447672976,24.304616828521297,3.531918185928495,22.03916948019381
259,0.9603130450748718,3.6888481524164387,22.670039323270377,19.101273661327447,2.831608298116196,17.669235780245064
260,0.8832888714132173,4.264201462852812,23.757235585023267,20.325342692485403,3.4660259143636027,21.628001705628883
261,0.9505191365740706,3.9629756121780773,8.078242172241186,36.267862350313486,4.265557077728051,26.61707616502304
262,0.9694532635697963,4.162315364293485,10.440699394477155,32.748667148168295,4.188141711932763,26.134004282460445
263,0.8159452374063126,3.9906465029520217,22.386889554302524,33.68983808940448,4.637391363043845,28.93732210539359
264,0.913056251947523,4.079691944222587,18.3209876625852,15.36758123268356,2.523148122954783,15.744444287237846
265,0.9256020562956158,3.5997391048637435,21.462801856958006,24.24997854547833,3.220889802571055,20.098352368043383
266,0.9630937555919148,3.898608742072993,13.11589654111983,15.53511374147026,2.2077631122605914,13.77644182050609
267,0.8427531177548974,4.119325430782443,25.637264596208034,24.081350935373482,3.854300378545049,24.050834362121105
268,0.8237238206251619,4.397476184881255,15.773869960331508,24.006795513497583,3.632844610310605,22.668950368338177
269,0.8788416994364211,4.088503880534818,11.283076770842642,21.691009401472627,2.919459743480277,18.217428799316927
270,0.8055649420272918,3.925862463531109,7.582955326515646,22.87313926725468,2.771451841774954,17.293859492675715
271,0.9280785586853803,3.7775322393358954,15.928294420532973,24.807654034565953,3.2094933145008477,20.02723828248529
272,0.9355569971898501,4.231091628798213,11.727679526596361,20.036339950948154,2.8510024986965643,17.79025559186656
273,0.8313765900570476,4.210408226062634,11.649420697268015,19.670659626150574,2.7915181709159063,17.419073386515254
274,0.9324273415149066,4.356712889239045,20.77753332154093,21.379822198602444,3.5249086489686183,21.995429969564178
275,0.9036436460819619,3.8121394655047425,17.498825257374126,20.032917416096097,2.808152285995716,17.522870264613267
276,0.8168057956891105,3.930883951838104,12.523096037849555,29.26104417054273,3.6709157296676964,22.906514153126423
277,0.8829865326023467,4.496682554544419,23.419446644059608,15.867119081329582,3.0921480906756513,19.295004085816064
278,0.9534090307587886,4.148423921287514,26.088939388392994,14.049165770189871,2.767866633043053,17.271487790188647
279,0.8703847132231387,4.083537554332319,12.305561846423336,26.750387322195845,3.5244141966346842,21.99234458700043
280,0.9203358496142955,4.319726218505636,15.465004858107138,31.989890836111044,4.4937812849920045,28.041195218350108
281,0.9303149290360152,4.465645530954217,21.026306359066822,37.76434459698228,5.618966052671581,35.06234816867067
282,0.8736216099174203,4.186237820044026,18.305803370944002,14.189790270044375,2.4539937154547693,15.31292078443776
283,0.869349905154041,3.6135595925196307,27.166023678876503,26.70685601333063,3.699820624188636,23.086880694937086
284,0.8376618548381014,4.508983019407516,18.896377708232443,31.11886196815312,4.752285514127585,29.654261608156126
285,0.8806766932632014,3.8477791349025185,13.540867105047445,43.68988085087831,5.1488852739611914,32.129044109517835
286,0.8032801143525926,3.8043997574154442,19.765293187222902,18.16480370059748,2.7027695980966264,16.86528229212295
287,0.8541008911719294,3.9035450972748604,10.853029372781622,28.026822241741908,3.443039690720868,21.484567670098215
288,0.8663655069246925,4.007568629359782,16.292912661435967,19.17104869959397,2.805313369796763,17.5051554275318
289,0.8964080226146836,3.9111703612460182,8.980648900528525,21.655384733841398,2.6908785869764458,16.79108238273302
290,0.81736816168403,3.5879094552384583,18.068220662063357,31.053745564783384,3.742757068114413,23.35480410503394
291,0.9164203224714509,3.89624682449582,17.877478854905284,38.18555611268445,4.813504850449798,30.03627026680674
292,0.8357461367285703,4.2681143679303775,24.234323633590204,20.19330259330573,3.4760446318477216,21.69051850272978
293,0.8712590571851453,4.306098906259977,17.535454839530875,29.04570817675655,4.23131060443027,26.403378171644885
294,0.8756228232851115,3.8905921528787046,26.024414766384908,37.375386865032695,5.06611672582493,31.612568369147564
295,0.9411749955901825,3.774349681847557,8.829748280054341,23.066965185285067,2.7357205792669665,17.07089641462587
296,0.9280789599446706,3.6381272616837865,11.631727703451974,33.39472709404521,3.7719817684440895,23.537166235091117
297,0.9712767510262836,4.0089726990185115,18.728716518953284,28.286421365213748,3.9085398839279004,24.389288875710097
298,0.8921755677157519,3.812090828654394,6.354990684201934,27.976294874533146,3.1702240648404705,19.782198164604534
299,0.9287618725674269,3.9961025833282813,8.27890960761446,25.404871474508745,3.127041631963512,19.512739783452314
300,0.9719545017022853,3.9547443236249564,21.543239081699856,37.009626943516835,4.917066655958291,30.682495933179737
301,0.973133249430479,4.445409694435918,11.990987903607794,18.990249083113444,2.8814525756476645,17.980264072041425
302,0.9763193213893372,3.624964543479618,9.260125100955262,22.264912333585563,2.565221473547053,16.00698199493361
303,0.9331500769774912,3.6833939218127925,22.961645337823203,17.734567437396795,2.7019495480146887,16.860165179611656
304,0.9364489191877439,4.477389393247607,8.628209801570689,18.236490589233533,2.64610066483563,16.51166814857433
305,0.9160233385501255,4.394941736243285,23.593471974730676,23.475227849349256,3.941686136082195,24.596121489152896
306,0.8138922663813463,3.834588189261308,21.764030881534442,38.64858447757273,4.948159745647935,30.876516812843114
307,0.9970534021795878,4.2049283118362375,6.224665770634073,25.79413297305143,3.240902159785195,20.223229477059615
308,0.873086843731654,4.479198888849396,13.648461192178742,35.26753525744083,4.971053281150186,31.01937247437716
309,0.8742902132538812,4.479369946079458,11.746630527437958,15.186363199812284,2.4272212761291247,15.145860763045736
310,0.8096662482621276,3.8632704919834016,20.48254561102921,29.489348867974122,3.96697807143422,24.753943165749533
311,0.9606799433644937,4.264017852111045,8.606193893991644,20.260833862240194,2.754194098067045,17.18617117193836
312,0.8030674969689839,3.7298188337950533,30.65082086194278,27.63353154589356,4.054714706764374,25.301419770209694
313,0.8407560402166685,3.892399675033875,11.947536122143712,36.028347573501584,4.328350832888848,27.008909197226412
314,0.8125389980657942,3.8981031954174656,21.352855933252997,35.089321528068666,4.634572382977728,28.919731669781022
315,0.9833772107180226,4.365209749807309,17.38894083106375,30.876572162040176,4.500208429399436,28.081300599452476
316,0.9600132510179374,3.6154562729613344,23.128819258303515,15.386949325625904,2.4274119150067053,15.147050349641841
317,0.842625431398512,3.6112207703883277,17.78330101103353,34.110409226429866,4.0566526914148415,25.31351279442861
318,0.8300879010404807,4.246681445077169,10.83748151140185,31.07407642446492,4.097610742799793,25.569091035070706
319,0.9552917646522383,3.6978950889118423,13.814906939390353,46.95718259817762,5.288602760662958,33.00088122653686
320,0.9500751286109883,3.6601452906017053,17.667259105725158,15.379613639626543,2.238792270665009,13.970063768949656
321,0.980124815489193,4.224445950035875,22.543736262485258,39.63625760329714,5.6008327298058305,34.94919623398838
322,0.84678332011933,4.49470795238396,15.105500833233101,31.82986819935758,4.638600937289006,28.944869848683396
323,0.9047290046824469,4.2055349982241506,20.328452295623244,16.43298370440704,2.8150965422848806,17.566202423857657
324,0.9320754411093259,3.6286620364320608,20.984126351123777,21.18035233108,2.924308175473114,18.247683014952234
325,0.931380528736566,3.6757493391467526,15.292809220143194,27.56104870268091,3.3733461675182417,21.049680085313828
326,0.9114582307568405,4.352493985640708,19.040712826191587,15.625338799486158,2.756583523128449,17.20108118432152
327,0.8994963292127884,4.183602503529934,13.303554821114917,27.76292545177899,3.7717204198760954,23.535535420026832
328,0.825924088966053,4.4381592087363435,17.75255296598028,15.78490759127155,2.767820528875714,17.27120010018445
329,0.9802508773861226,3.97402182836409,12.23680469484598,15.393711915057136,2.1970769961196353,13.709760455786522
330,0.9050213548626322,3.6613618331860804,18.4875582422558,37.8716969234313,4.516356187094598,28.182062607470286
331,0.8633273893605211,4.1500409153017666,5.041725079174032,25.70393672960022,3.1348872857553998,19.561696663113693
332,0.8549414758379469,4.238158360245019,20.46751381890486,34.21682411735789,4.897210454411614,30.55859323552847
333,0.8394226365444704,4.006484123682317,17.384135848215227,19.555911796666397,2.8942267468961504,18.05997490063198
334,0.91830985774201,3.897615486377254,5.964081212610792,12.462239438870146,1.576992803748265,9.840435095389173
335,0.9519040356757447,3.7470798277635224,28.676715282833108,38.067325261225086,5.058223565248301,31.563315047149402
336,0.9984773220725168,3.939306006459864,6.8658414893897355,25.51857523045005,3.034127731316109,18.932957043412518
337,0.9438283468669062,4.1308168643940295,17.407805670783105,38.13108585238381,5.076018694417546,31.674356653165482
338,0.959101022025431,3.8758469908393334,25.892241867224424,30.595331529639505,4.325244552494727,26.989526007567097
339,0.804203515380652,3.99600436746528,14.017013808837708,22.824601688681526,3.095927746464739,19.31858913793997
340,0.827602263048839,3.7495830150487905,23.336744807879025,45.10499012027601,5.562437032477203,34.70960708265775
341,0.8520535322252827,4.087826206570735,21.686856232139238,33.77825144660787,4.728977566967732,29.508820017878648
342,0.9133072071430067,3.874377744715656,23.1997348089976,20.992542997148405,3.196066822840429,19.943456974524278
343,0.9132690119510042,4.186038321834394,13.398606729382843,26.43685231701163,3.626988881123867,22.63241061821293
344,0.8292037500473103,3.926787377299278,22.5870135075196,29.98194260622159,4.174985405216017,26.051908928547945
345,0.9331650659212287,4.265575466731843,7.782017581845948,20.556144895204607,2.7512063431781737,17.167527581431802
346,0.9355733276670869,4.344040996392484,11.52259828270729,31.661847512625467,4.293570477189107,26.79187977766003
347,0.9288961408616452,4.264726013273921,7.6545111424355206,36.65869134600094,4.616069114127086,28.804271272153017
348,0.8670565843833493,4.284800101755355,14.644417957059593,24.697673020638202,3.5676777272335363,22.262309017937266
349,0.8069466910551897,4.404136274288097,7.640866864849062,34.505989632603054,4.507957913225221,28.12965737852538
350,0.9266351404388057,4.213238527414953,11.709373395350887,11.629128714754978,1.872893764120557,11.686857088112275
351,0.8343611861344091,4.260828670664185,14.880619034559011,19.098196556786494,2.908546482528968,18.149330050980762
352,0.9536964357000853,4.338862450002735,6.397923296193623,32.252032054220564,4.115867644456914,25.683014101411143
353,0.842486239991972,4.233228924727669,8.71980714259816,33.12200210079082,4.223155766432983,26.35249198254181
354,0.9199710657696736,3.954840282528817,16.105035151963687,36.64724241925687,4.64370321814803,28.976708081243704
355,0.9125421074801487,3.8540690311858157,27.389125930686376,25.244999709004336,3.8019146695471457,23.72394753797419
356,0.9706761832071179,4.168733928296945,9.393726676471546,24.702446619639154,3.232991943377094,20.173869726673065
357,0.946200294611893,3.6820225159270015,25.13733829735525,26.840910182454554,3.7019488482383514,23.10016081300731
358,0.9232143079788926,3.7445444274527726,13.832419833786464,20.569078805425193,2.663422457273389,16.61975613338595
359,0.8258334608551658,4.11894363158552,5.03624123410121,18.80263434914582,2.3365400369731772,14.580009830712626
360,0.9283203943310235,4.058234442076937,10.90869260037427,15.310245968112305,2.175655813611283,13.576092276934405
361,0.9805106062166637,3.914242903793437,6.066066512451893,20.010218776254167,2.393162579139679,14.933334493831596
362,0.9726594630652508,3.711816060778723,28.28062418978608,31.021620354965517,4.281943429453445,26.719326999789498
363,0.8034858720325314,4.273112591225816,12.044930323114608,19.103516023863737,2.7854735332105953,17.381354847234114
364,0.9527013219534884,3.7767096961591893,7.752245689188555,10.783965707221956,1.4289654868281358,8.916744637807568
365,0.8257490758956183,4.205970351183005,5.506967176022153,22.29828689075441,2.808134022366117,17.52275629956457
366,0.8103053071244646,4.245155443808602,22.63911022640258,21.287356897481818,3.5100930962552273,21.90298092063262
367,0.828168103647727,3.592459963377428,11.822486188208194,22.638699719406535,2.679147669899355,16.717881460171974
368,0.8990997622525387,4.440753379066994,13.850568355901778,24.49170159687589,3.634179625233203,22.677280861455188
369,0.98677454440901,4.25101950477775,7.488904484904755,22.84363717287452,2.9932200821870407,18.677693312847133
370,0.8247228225446129,4.037432264076042,20.148276447360367,18.043817929108716,2.8718669605647986,17.92044983392434
371,0.8773749981845865,4.363553074299874,8.215943424505266,30.99279466244792,4.076027382282475,25.434410865442644
372,0.9476000857649088,4.362312747556829,15.160485643507744,27.778443576263975,4.022976644292571,25.103374260385642
373,0.8275191312976907,3.964682343395188,12.224956571565604,53.40565307169198,6.298120213456858,39.3002701319708
374,0.9505470203119613,4.160245699362542,8.342024689177281,13.7037011861751,1.9318264254345832,12.054596894711798
375,0.8331145558079035,4.0713457191191935,19.160966992083516,26.411323586865898,3.780501434507884,23.590328951329194
376,0.9649592145722516,4.322487224493609,21.908722225714694,29.356940591632295,4.4901206419075725,28.018352805503255
377,0.8611298821239054,4.274212233173419,21.53211471740725,26.806752035074744,4.125401445459456,25.742505019667004
378,0.8685544171941726,4.47602567926637,4.147594350858806,26.999814794309348,3.495568956823041,21.812350290575772
379,0.8756396906501537,4.320072203697569,14.837439090526278,25.107569874329187,3.6543895352847064,22.803390700176568
380,0.9533845320184541,3.7745929335796045,26.6376658746456,25.88462114838413,3.7583866596604807,23.4523327562814
381,0.9089491566352897,4.407506520473417,7.682270555604556,15.819132198493158,2.2690200639996525,14.158685199357832
382,0.948709482099333,3.823617415102551,23.784290397743977,40.711082318841186,5.233101285049662,32.65455201870989
383,0.9797568814508761,4.1002935308405215,13.245867707677803,22.968964995303548,3.158391544140967,19.708363235439634
384,0.9669391036574473,4.39129464013644,8.387803585333272,18.993458514021334,2.6742931820420375,16.687589455942312
385,0.8265384498976497,4.227240752275184,21.43991734884325,29.39064235932679,4.373461446967909,27.290399429079752
386,0.9756966317765737,4.306146982402907,16.698406673373867,22.729932488786844,3.450960372094698,21.533992721870913
387,0.9411767391950395,4.275447648435431,8.660571574974938,19.890912533473678,2.721012871729174,16.979120319590045
388,0.9643318266590214,4.1561920885514185,8.503769506472146,21.48267681647222,2.8182890463934016,17.586123649494823
389,0.8877227119497605,4.497081766037226,15.81332012825539,15.42567749972322,2.6654873749393717,16.63264121962168
390,0.9823305626828859,4.349507839359026,5.2166225478210695,23.275622704776517,3.006040141472884,18.757690482790796
391,0.844409119569041,4.4487060214580945,9.898490886127794,23.7143722801667,3.354814566644401,20.93404289586106
392,0.9733958312503234,3.6500623501417993,16.430801243315933,27.12089106804524,3.3512683014809106,20.911914201240883
393,0.8032357346938407,4.283269471363342,16.902543410769372,33.08212774844521,4.650455763599104,29.01884396485841
394,0.9653708310411195,4.042230095672034,10.666981936500877,31.825061119755265,3.975545501054869,24.80740392658238
395,0.9216374266184777,4.32162846218861,15.495064099439398,23.64592224475952,3.5145538879012634,21.930816260503885
396,0.8768191121631898,3.7510774850603217,17.864536216618376,28.05000716752454,3.5976064262731837,22.449064099944664
397,0.9575696424808273,4.148686744709772,23.752233482032572,23.975672876529508,3.7845831886655352,23.61579909727294
398,0.9286809618446782,4.390193899044052,11.31577342483917,28.860118276140266,3.9941112787329818,24.923254379293805
399,0.9401924369874323,4.492251184589238,7.497148123499739,29.520222267547254,3.98078579720558,24.840103374562815
400,0.9636547346183391,4.402444725853075,14.564922376469854,13.873910700973783,2.3633279521608612,14.747166421483772
401,0.9676784911297276,3.6203122027194876,14.13536851347837,28.553417723648632,3.374696283839093,21.05810481115594
402,0.8349018193791061,4.084609516088678,6.143500273110543,24.041910148584893,2.9495218746329366,18.40501649770952
403,0.857361500636418,3.6783254209021896,24.091716153690903,50.85685030175845,6.063531408584291,37.83643598956598
404,0.9766607421426905,4.247215981328319,7.871847106945179,25.132786293914204,3.273208565880471,20.42482145109414
405,0.9403496614165046,4.317722290680157,12.003882244172917,28.63059012448094,3.93355682439049,24.545394584196657
406,0.9597882964384451,3.7196189573651375,20.88266275795527,20.148424521982538,2.8889000605992483,18.026736378139308
407,0.8158957078628949,4.38559116793096,21.71682633080788,21.94067209280685,3.660200010747121,22.839648067062033
408,0.960742186793624,3.834416602494606,17.375859947391433,27.641033394230032,3.614378733904106,22.553723299561618
409,0.8202956047151372,3.8136343543934217,21.528366419751507,34.27928200358085,4.457260007897135,27.81330244927812
410,0.9696496640974686,3.593895220214191,27.17651698666961,29.39951698301477,3.943799996115792,24.60931197576254
411,0.931719069469557,4.171598586231004,11.342691943828223,19.739087327553605,2.7596187231818385,17.220020832654672
412,0.9581200810256836,4.307845072738788,17.485700536637474,14.67978169391125,2.544291646774181,15.876379875870889
413,0.8942954650583367,3.6770086076321977,14.639126506201904,30.214214803192657,3.614145851858691,22.55227011559823
414,0.8521986019625685,3.7831596757893666,14.64995435311652,22.95711080183368,2.9707858026473564,18.537703408519505
415,0.9467256000722093,3.8374369812301614,18.343460046282193,22.781194714183137,3.149504528938113,19.652908260573824
416,0.9265486830425536,4.385066912669475,15.286108258855537,18.13941036281076,2.8981675156646576,18.084565297747464
417,0.8456533858607318,3.6413509108358517,15.641319976950877,34.43159692679512,4.037352934860246,25.19308231352794
418,0.8401439037336698,4.370621327808433,5.046881128961423,39.25894811164635,4.916150657613911,30.676780103510804
419,0.8488247378208489,4.412749462886371,14.823643768058929,15.36331302364248,2.560400781963792,15.976900879454062
420,0.8328588249289571,4.314549254534335,18.722370186319154,35.213496025091345,5.020589005222944,31.32847539259117
421,0.8282923476126958,4.445734592473782,24.024219354900417,27.020455439830805,4.437605129772645,27.6906560097813
422,0.980252726443433,4.4476291001732156,8.830723101409403,20.093801951787032,2.86343247185964,17.86781862440415
423,0.8229060471397178,4.083777137148839,27.234639532569307,19.695109693739628,3.4040296151068086,21.241144798266486
424,0.957947919851698,3.888329878047079,12.509281828134197,30.5574094161882,3.7679494344907543,23.512004471222305
425,0.8721493644480507,3.730528536062087,10.554428526929549,15.179591804594503,1.97228249084095,12.307042742847527
426,0.9168982994524216,3.9912439103230968,19.148267691338706,32.017484995122814,4.315303316587662,26.92749269550701
427,0.9042491122130465,3.623452702069572,18.845686491476375,39.95692555284054,4.6896326583825605,29.263307788307177
428,0.9130491704268758,3.7332990062168205,11.560427185711083,25.250271070813465,3.039198615578963,18.96459936121273
429,0.8286667291735893,4.087161118796708,17.769835829574642,28.491498255554802,3.964891805684938,24.74092486747401
430,0.9523048847475677,4.036553566869835,19.249005117550162,31.972274193808843,4.363751059083172,27.22980660867899
431,0.9975416308273525,3.6103009216180566,8.443292091236222,26.286854013718695,2.918381896548014,18.21070303445961
432,0.9080633317553823,3.7103601585748,5.810834955808614,18.66405996036557,2.122080143459858,13.241780095189515
433,0.985421425799435,4.305471473673337,14.917497154738266,20.326995485958665,3.0849191606759607,19.249895562617997
434,0.9269760936701742,3.873578739247668,12.442936338491382,30.279224135249592,3.72148988953074,23.222096910671816
435,0.8527903866959322,4.091031596472623,12.380223196165627,31.904576487229633,4.108803619125526,25.63893458334328
436,0.869915457242565,4.436168830036458,16.720394492534062,15.323752692545414,2.660923020290861,16.60415964661497
437,0.8591298114016714,4.316810514044802,9.603787170736116,39.5977975591977,5.109900396619096,31.885778474903162
438,0.935907297871845,3.58728278533893,21.899098558075906,27.200717797206263,3.515249193713669,21.935154968773293
439,0.8132207125783539,4.368846536532398,9.321844812383324,34.21002977488356,4.516650817841404,28.18390110333036
440,0.8172666415528939,3.7532653697452734,30.357518598501734,40.76408958583367,5.411151720890905,33.76558673835925
441,0.9640047050274161,3.6582680219389667,25.803486394886466,15.614281738594517,2.585470604827459,16.133336574123344
442,0.9942291496373505,4.157942901759571,16.69573644979289,43.71346142187502,5.709584703764718,35.62780855149184
443,0.880225046795168,3.620380706651201,12.54916303597723,34.96820674142539,3.945018473511868,24.616915274714056
444,0.9205610784212974,4.265161797319382,9.667523293198606,19.944789961209203,2.76754206256928,17.26946247043231
445,0.872874028925881,4.088763549748776,23.751264004224936,21.105981597718454,3.410138281975128,21.2792628795248
446,0.844528974865372,4.056754615744364,24.59420971980388,29.71070508928407,4.3719384846525084,27.28089614423165
447,0.901087020916342,4.039224431024619,9.674411213100136,23.711336797869897,3.0358205342414846,18.943520133666865
448,0.8000275257230272,4.05924647075932,17.31179435833915,39.148548876257834,5.096369799122813,31.80134754652635
449,0.95649239088919,4.3088484256465005,6.848963995015004,32.6126704648126,4.150924725961685,25.901770290000915
450,0.9382113499774651,4.109009027632954,10.515042282380708,21.165057098154094,2.840811741152353,17.72666526479068
451,0.9322967687596869,3.755523617229082,30.20681637045687,30.704886360281705,4.378799524370692,27.32370903207311
452,0.9933731771050294,4.024653890790429,12.928836900930694,16.96817602624381,2.428102343564472,15.151358623842304
453,0.8386178770688536,4.4159867853483235,22.262120657751456,21.57412686861659,3.6677069759939824,22.88649153020245
454,0.8068690521287784,4.506053703062178,12.540353854619228,24.731565928059727,3.6527199117150384,22.79297224910184
455,0.8122569698267571,4.063656018567567,11.198964407589854,25.06025870877098,3.2710836446298694,20.411561942490387
456,0.8458104216759981,3.6856678129332447,8.59038858600171,27.401277853598693,3.0971405870082624,19.32615726293156
457,0.8925485463114583,3.9800250111582733,19.946212252470303,31.200494863805375,4.24918295298352,26.51490162661716
458,0.8669653898653756,4.31273609727763,8.173817689980737,25.80511279197279,3.416911531814329,21.32152795852141
459,0.8224546913118638,4.341155653023982,8.928183800891631,14.866331573528251,2.1811039950970255,13.610088929405439
460,0.9930108656660255,4.488615242973506,8.752975852271845,10.254889147602016,1.6825716350624043,10.499247002789401
461,0.8688958828025978,4.370088244289775,10.784609909836377,20.56183325632526,2.9623176500503687,18.484862136314298
462,0.8362107917667274,4.3279551242129015,8.656716670426384,23.07530616723234,3.1298053466338716,19.529985362995358
463,0.8946580590974201,4.018562858420013,28.074352521850514,13.68827367181435,2.7286680761979216,17.02688879547503
464,0.9069787448932812,3.853256036651007,18.5084020996427,21.01740866581697,2.9842156703441467,18.621505782947477
465,0.9323235401309489,4.304236792443843,12.078474529257726,23.985682925701816,3.37996750380717,21.09099722375674
466,0.8550704684319,3.745045795147431,12.968130786064817,30.24921468405888,3.6163799745759073,22.56621104135366
467,0.8896792917271213,4.0609843944288215,15.15779002182766,17.57941584564397,2.616325716672241,16.32587247203478
468,0.881248616918649,3.723489729691347,12.586473250426863,30.850811255898318,3.6411155813464453,22.72056122760182
469,0.9867489084649584,4.4315039158871645,7.1759820905970795,16.040873087845533,2.2836957601672516,14.250261543443647
470,0.8197796151157012,3.6425453248049893,25.703978871814154,35.60062376501683,4.5542393320554435,28.418453432025963
471,0.9260073031803349,3.8215386890638467,7.7745636648492775,23.228814792808187,2.742825117877307,17.115228735554393
472,0.94594483585588,3.9760206262994346,17.468575604961206,14.714386203393833,2.3513172024584357,14.672219343340638
473,0.9118856070079308,3.925290400581234,19.95793258078446,19.4004805398656,2.9290695956173085,18.277394276652007
474,0.8357610165555095,3.9853734979383604,26.303050793721624,19.090483171501866,3.2158732790519133,20.067049261283938
475,0.8284107042883488,3.777593851110455,15.728107674567818,21.016731133016087,2.811067365602209,17.541060361357783
476,0.9277837953646701,4.100486986690456,13.346693494850657,8.826331341990688,1.5827735766210833,9.87650711811556
477,0.8109510900933332,4.211483645840375,14.347695007876629,30.93946437666555,4.209336967764659,26.266262678851472
478,0.9425007712537633,4.416349616154877,6.269462800798003,23.51707900418128,3.1319759892131342,19.54353017268996
479,0.824200612057639,3.803076674533369,15.380053857907289,15.792281827729434,2.2741724108677475,14.190835843814744
480,0.9547816190951394,4.323319856600588,15.75653620063932,22.538492312107742,3.3977842338280446,21.202173619087
481,0.9346034663387344,3.9666885733318606,20.93333933833292,19.58124002649062,3.021673372724379,18.855241845800123
482,0.9001217463390612,4.226421294513616,18.245681216905147,37.595376075860166,5.170400619452253,32.26329986538205
483,0.9066674434997104,3.776923943482171,18.056776673249736,38.31740852007966,4.687042688634636,29.247146377080128
484,0.9563576544216894,3.954203745209827,21.16466006879309,38.03233811350071,5.010276697654376,31.264126593363308
485,0.8941913561037296,4.0950313024972465,11.043266148437596,14.365985558536376,2.096020099181259,13.079165418891055
486,0.8468839017784258,4.222274805362577,21.106253666685156,26.851363441114962,4.060805806914763,25.33942823514812
487,0.8386007998405114,3.70141432291012,6.353974738618919,51.53707181795485,5.454565275062019,34.036487316386996
488,0.9354755131611837,3.7372418953092255,16.899123484882026,28.853122429921427,3.626799043160377,22.631226029320754
489,0.8547478197489204,4.2570531668069975,20.8974080822984,22.78290226119719,3.612602726574675,22.54264101382597
490,0.9296251667400803,3.6041654850034996,16.85764603448139,18.894474498786565,2.51795208140333,15.71202098795678
491,0.9484160209283383,4.194208949076145,19.107598666943495,15.777930861577559,2.676834081212106,16.703444666763538
492,0.8057371865039382,4.207058439285225,22.69161576703422,24.277278067070917,3.823772020806783,23.860337409834326
493,0.8461587440075402,4.014257194727848,5.3072062675956735,43.47692167001868,4.988094569389143,31.12571011298825
494,0.8057843329157706,4.071866940904918,14.646942958621548,30.417147273803295,4.025117598189765,25.116733812704133
495,0.9849191363142973,4.429279788338893,11.042289149856664,18.24533709447583,2.735285732771921,17.06818297249679
496,0.9614909648433624,4.009642672706503,27.474246750253176,18.262509886149832,3.196177129049874,19.94414528527121
497,0.8212509862080212,4.467488451162183,15.938891267178171,25.89739838615553,3.928879201593201,24.516206217941573
498,0.8640279817968959,4.42612640534148,3.5975363379779535,22.688478337807105,2.9100638324213515,18.158798314309234
499,0.8024232637967247,4.1694383743698795,11.591463421611262,19.129742984576637,2.7002635796159176,16.849644736803324
500,0.9722312883578705,3.718857923858464,15.46148542135554,26.33302163340838,3.295298714429385,20.56266397803936
501,0.9450346225293433,3.901671470346285,12.559812079563612,26.55846891286016,3.357857396409556,20.953030153595627
502,0.964019209166447,4.2356102463158605,11.37631096803006,19.69781575014717,2.7987526139181584,17.464216310849306
503,0.800070195303316,4.329100071071959,19.683847967209154,27.91634088216467,4.222059746553142,26.345652818491605
504,0.9231092074507425,4.308168028187688,27.52429405851271,23.04947830810986,3.998467137148671,24.950434935807706
505,0.8524937275490517,3.6220530288616963,11.04464013274053,24.90659227669279,2.894350762823638,18.0607487600195
506,0.999710332814546,4.012406159340512,5.9229913711153905,24.469725229797653,2.9345158501965294,18.311378905226345
507,0.8908973186992678,3.606814434631204,8.733189392310312,29.974724645660277,3.289425624395249,20.526015896226355
508,0.8252488333298137,4.22091895347765,19.22200832756409,29.443002520004146,4.270901849296891,26.650427539612597
509,0.93188486475582,3.848725287911725,22.131506960931215,25.841303787955084,3.638619349047167,22.70498473805432
510,0.9600558880252166,3.8839364301533883,25.66487932268539,28.624889582153195,4.116100383777734,25.68446639477306
511,0.8960830266917308,3.897663766813202,23.81135354497427,22.991879927494598,3.4536126065537713,21.55054266489553
512,0.9470931313002978,3.6690747781505926,18.26885846698759,23.46412706105301,3.0766220078679933,19.198121329096278
513,0.8527812369104899,3.7417073780934937,19.325200627652674,33.18545987998925,4.171810911046606,26.032100084930818
514,0.9985709971567635,3.591187084855975,8.277574604691326,18.217648714129446,2.106793212473386,13.146389645833928
515,0.9585415722848173,4.173784976354405,13.733892307990265,14.320921327852933,2.2536123771499312,14.062541233415569
516,0.9671425159792177,3.782995547712742,17.161302153507794,32.6267178451377,4.071018660463761,25.403156441293866
517,0.8724008270260823,4.180447006524129,9.764402844587773,22.179652832957533,2.971576822886891,18.5426393748142
518,0.9215983405946887,4.3617444140513975,13.500400893162166,33.13245856705865,4.579892113340344,28.578526787243746
519,0.9496404876151071,4.06298004272482,13.229714339834418,18.92378674691478,2.681067387017048,16.729860494986376
520,0.9918068189111141,4.2569920088569795,13.94320935109284,15.56102632577273,2.4521080641382533,15.3011543202227
521,0.987943313228502,3.600583021814341,13.95162016508996,17.809329894269364,2.2949284425422722,14.320353481463778
522,0.8072974291021006,4.268051030090868,18.345941985938914,43.9507159100528,5.965146669875551,37.22251522002344
523,0.9243741829676747,4.000308510966154,17.432415945284383,18.85104192125144,2.8150340051015053,17.56581219183339
524,0.9748019521249554,3.731772920545704,7.571431454387127,34.26654904802304,3.79257120533613,23.66564432129745
525,0.8953720629551275,3.75746804296265,23.91816349783004,24.123482111775836,3.4496294689044524,21.52568788596378
526,0.8454545409403809,3.96133402886519,10.979632812350799,12.005874953567185,1.7700749318620572,11.045267574819237
527,0.9867923426626698,4.420469665115085,6.64145296526371,29.993487878691173,3.932955436317056,24.541641922618428
528,0.826585093757599,4.105550713332239,8.102854077955866,33.70497431108221,4.133393160029141,25.792373318581838
529,0.802110397131279,3.9215234462079187,9.564534121412501,35.189451713989584,4.169230322210421,26.015997210593028
530,0.9137196283353164,3.7606251631536542,27.25136553311904,41.38183260761833,5.357743200694384,33.43231757233295
531,0.970184133754749,3.844688123061216,23.16703023566767,26.43133005925765,3.7400140809194524,23.337687864937383
532,0.8106474289585945,4.072472241575741,13.914137830936069,32.556505440831344,4.230601759709207,26.398954980585447
533,0.8537029389583614,4.490894934298613,9.273000788917248,16.472840099309348,2.46981527846614,15.411647337628711
534,0.8772155724406887,4.024756219850335,22.020498108166382,33.788245843435995,4.671748374094477,29.151709854349537
535,0.9845828134442433,3.859539040645782,7.922649212947378,24.19592139935607,2.878041799952573,17.958980831704054
536,0.8476816700894203,3.6337711400478994,8.374601470120687,39.72125208279238,4.2649109483554,26.613044317737696
537,0.9991959720659707,4.105052411284924,6.500470075231503,19.062071140147133,2.4231983268083006,15.120757559283794
538,0.8933086439881148,4.036005722970017,16.942495960632726,23.695211417504012,3.3513688583765955,20.912541676269953
539,0.9560643735354407,3.842372967161744,12.518945322775947,22.600008233691337,2.8906430361655917,18.03761254567329
540,0.9744376827295321,3.9677083524740864,26.584982340255618,16.011004684723098,2.8808585444215735,17.97655731719062
541,0.8242003567238504,3.7680098069409356,6.196820202764282,38.946606199376674,4.253481543722098,26.541724832825896
542,0.8368889240771662,4.319314529335966,6.96130421888572,40.55649292606064,5.10129467022642,31.832078742212865
543,0.8761780322985386,4.387399450355498,23.18389693230836,25.637854799357505,4.173891130569818,26.045080654755665
544,0.9820616071556463,3.585001348855899,13.279890677577317,15.85653793304009,2.0679774374894686,12.904179209934284
545,0.9210967016420497,3.809000440713385,7.905400230170265,32.83025702813453,3.735842365344478,23.311656359749545
546,0.9038128715862477,3.8646194856957425,10.180331547693234,20.67883131101125,2.606545816710755,16.264845896275112
547,0.9820838429505583,3.8676160324420255,4.172807239322937,20.10137749663227,2.294448265586074,14.3173571772571
548,0.9686939049096916,4.4922328137535406,9.804409057123832,32.33436485648263,4.438233933985676,27.694579748070616
549,0.9843279515793963,4.077155121534789,5.806995581228287,24.61029884435108,2.992333800183734,18.6721629131465
550,0.8115091894425037,4.032395520747675,12.284503726717494,25.582681906679706,3.351038313115153,20.910479073838555
551,0.8331004395005137,4.382839119242823,16.963025299896298,28.969262638010452,4.270241276544144,26.646305565635462
552,0.9566942385907236,4.266395164383421,9.283695548096146,31.32789697065644,4.073884637330723,25.42104013694371
553,0.837007062392388,4.288161489513721,16.10074262307391,29.583482481660464,4.209465116482346,26.26706232684984
554,0.8779838694158515,3.9707849587320263,5.300211708010029,13.11504590799011,1.648500396536416,10.286642474387236
555,0.9160575865490926,4.255596071003638,10.230568172328182,26.487163993734125,3.5461388917269803,22.127906684376356
556,0.9903716313447006,3.6325806437192014,20.000933043912095,41.37580223212534,4.887640093184407,30.4988741814707
557,0.9517531788686491,4.489283959512542,16.09655049813825,32.105137792474984,4.715173079896322,29.422680018553045
558,0.9021383760286685,3.6212747862603845,13.781462843857518,19.65428156645991,2.483459810759403,15.496789219138675
559,0.8028750932011002,3.613278334710859,10.237136294242674,41.54572277200172,4.493854973099399,28.041655032140252
560,0.8597971504983293,4.129529270589226,15.637948481069738,28.066358681497846,3.8621914433957905,24.100074606789732
561,0.9516112219479905,3.6723413788061627,5.930855847770822,25.189723227763434,2.758171802864624,17.21099204987525
562,0.8232138628263788,3.636462777737785,23.497098733049302,25.757461536411416,3.483764807648651,21.73869239972758
563,0.9489851712447323,3.9925809048915775,24.921757613667324,29.729323782759487,4.3190591606278215,26.950929162317607
564,0.8966356423011337,4.278645987057756,9.39766103761305,20.857854360603433,2.8701629499784964,17.90981680786582
565,0.9519534251874465,4.245394473394976,18.576395841180073,23.036988780189322,3.5246991050050727,21.99412241523165
566,0.9372668457105533,3.7549658325817914,16.601054791227092,21.036277998328334,2.831957954181356,17.67141763409166
567,0.8087384915129477,3.927086334181759,17.65842711877406,26.745598680171845,3.6180027250842173,22.576337004525513
568,0.9178630305492494,3.920147045616715,9.057735686954247,27.246027996980338,3.297563333428192,20.576795200591917
569,0.8106477586761696,4.465743347911799,16.069548111805634,18.25778295157935,3.004028113477264,18.745135428098127
570,0.9121026455664732,3.946850807891312,21.84315313807536,18.591854270924333,2.9392924111439998,18.341184645538558
571,0.925596037786095,3.6016738271652886,12.268606002891504,24.972279498271217,2.932563585941997,18.29919677627806
572,0.9735477827663325,3.599267262529368,9.915343715205356,17.31145146307018,2.0869066242490564,13.02229733531411
573,0.9062021096817244,3.637604072542466,12.50870706084069,20.936794703312327,2.571322512585686,16.04505247853468
574,0.9963461978864524,3.8684317995864204,22.743658439836473,24.358983789164974,3.5268035671243236,22.007254258855777
